{"train_loss": 8.649105360383742e-06, "test_loss": 9.156598244847143e-06, "_timestamp": 1706295942.7502387, "_runtime": 7.2120397090911865, "_step": 4, "_wandb": {"runtime": 4}}