{
    "weights_paths": "Weights/Quaternion/Out1/321/Gain1/QReal0.05/1170",
    "num_layers": 2,
    "slope": 0.01,
    "isQuaternion": true,
    "realPart": 0.05,
    "num_output_neurons": 1,
    "gain": 1,
    "train_loss": 0.00025222008276820683,
    "test_loss": 0.0002599364781136035
}