{"train_loss": 0.41007356277286955, "test_loss": 0.35912128380178054, "_timestamp": 1706291212.7511742, "_runtime": 5.013483285903931, "_step": 4, "_wandb": {"runtime": 3}}