{
    "weights_paths": "Weights/Quaternion/Out1/321/Gain1/QReal0.05/750",
    "num_layers": 2,
    "slope": 0.01,
    "isQuaternion": true,
    "realPart": 0.05,
    "num_output_neurons": 1,
    "gain": 1,
    "train_loss": 0.00032481187534743277,
    "test_loss": 0.0003141597552484417
}