{"train_loss": 0.28045016503169823, "test_loss": 0.26620086289977024, "_timestamp": 1706296048.6873794, "_runtime": 4.949164390563965, "_step": 4, "_wandb": {"runtime": 3}}