{
    "weights_paths": "Weights/Quaternion/Out1/321/Gain1/QReal0.05/480",
    "num_layers": 2,
    "slope": 0.01,
    "isQuaternion": true,
    "realPart": 0.05,
    "num_output_neurons": 1,
    "gain": 1,
    "train_loss": 0.0005585588759577921,
    "test_loss": 0.0005260043683286436
}