{"train_loss": 8.77703132046772e-06, "test_loss": 8.83682690795151e-06, "_timestamp": 1706295169.1034625, "_runtime": 5.314273357391357, "_step": 4, "_wandb": {"runtime": 3}}