{"train_loss": 497.88097164702066, "test_loss": 493.55868134848345, "_timestamp": 1706295969.3355803, "_runtime": 7.365501403808594, "_step": 4, "_wandb": {"runtime": 6}}