{"train_loss": 484.61645254501633, "test_loss": 485.3031300255719, "_timestamp": 1706291291.7825246, "_runtime": 7.368110656738281, "_step": 4, "_wandb": {"runtime": 5}}