{"train_loss": 494.9580461987972, "test_loss": 488.4083215284453, "_timestamp": 1706295145.7952862, "_runtime": 5.596337080001831, "_step": 4, "_wandb": {"runtime": 4}}