{"train_loss": 504.2584381134701, "test_loss": 507.69281430467197, "_timestamp": 1706295197.2510912, "_runtime": 5.8250813484191895, "_step": 4, "_wandb": {"runtime": 4}}