{"train_loss": 0.3672491015760694, "test_loss": 0.3336480207789512, "_timestamp": 1706295180.9918494, "_runtime": 5.008851528167725, "_step": 4, "_wandb": {"runtime": 3}}