{"train_loss": 0.3129865128461951, "test_loss": 0.2957290640236483, "_timestamp": 1706295132.551709, "_runtime": 7.857877016067505, "_step": 4, "_wandb": {"runtime": 4}}