{"train_loss": 8.764288858688264e-06, "test_loss": 8.884250319276968e-06, "_timestamp": 1706291201.1790488, "_runtime": 5.6990227699279785, "_step": 4, "_wandb": {"runtime": 3}}