{"train_loss": 0.4023831166178403, "test_loss": 0.39443632967513415, "_timestamp": 1706291277.3381548, "_runtime": 4.868863821029663, "_step": 4, "_wandb": {"runtime": 3}}