{"train_loss": 487.6749534712702, "test_loss": 473.7532279442928, "_timestamp": 1706291225.3440177, "_runtime": 6.254042625427246, "_step": 4, "_wandb": {"runtime": 4}}