{
    "weights_paths": "Weights/Quaternion/Out1/3221/Gain10/QReal0.1/1050",
    "num_layers": 4,
    "slope": 0.01,
    "isQuaternion": true,
    "realPart": 0.1,
    "num_output_neurons": 1,
    "gain": 10,
    "train_loss": 0.00010201302776346267,
    "test_loss": 9.850930403269763e-05
}