{
    "weights_paths": "Weights/Quaternion/Out1/3221/Gain10/QReal0.1/930",
    "num_layers": 3,
    "slope": 0.01,
    "isQuaternion": true,
    "realPart": 0.1,
    "num_output_neurons": 1,
    "gain": 10,
    "train_loss": 0.00010185562897490973,
    "test_loss": 9.984037922723922e-05
}