{"train_loss": 0.4371044919917657, "test_loss": 0.41877153146928425, "_timestamp": 1706295822.5879536, "_runtime": 4.553852558135986, "_step": 4, "_wandb": {"runtime": 3}}