{"train_loss": 8.817630542067466e-06, "test_loss": 8.45071012191685e-06, "_timestamp": 1706294826.1524813, "_runtime": 5.159715414047241, "_step": 4, "_wandb": {"runtime": 4}}