{"train_loss": 0.452093778870525, "test_loss": 0.43862051019612447, "_timestamp": 1706295955.1816082, "_runtime": 4.692277193069458, "_step": 4, "_wandb": {"runtime": 3}}