{"train_loss": 503.9599723624068, "test_loss": 498.9867054039987, "_timestamp": 1706294958.8134112, "_runtime": 6.018550157546997, "_step": 4, "_wandb": {"runtime": 4}}