{"train_loss": 8.813207497227749e-06, "test_loss": 8.857591364574714e-06, "_timestamp": 1706295117.6964972, "_runtime": 5.431941270828247, "_step": 4, "_wandb": {"runtime": 3}}