{
    "weights_paths": "Weights/Quaternion/Out1/3221/Gain10/QReal0.1/180",
    "num_layers": 4,
    "slope": 0.01,
    "isQuaternion": true,
    "realPart": 0.1,
    "num_output_neurons": 1,
    "gain": 10,
    "train_loss": 0.0005327850952634791,
    "test_loss": 0.0004328862397464306
}