{"train_loss": 8.78917785640214e-06, "test_loss": 8.958195364803675e-06, "_timestamp": 1706295549.6979709, "_runtime": 5.433971881866455, "_step": 4, "_wandb": {"runtime": 4}}