{"train_loss": 0.40532862659595487, "test_loss": 0.40039949218572923, "_timestamp": 1706294946.2834988, "_runtime": 5.327608823776245, "_step": 4, "_wandb": {"runtime": 3}}