{
    "weights_paths": "Weights/Quaternion/Out1/3221/Gain10/QReal0.1/660",
    "num_layers": 4,
    "slope": 0.01,
    "isQuaternion": true,
    "realPart": 0.1,
    "num_output_neurons": 1,
    "gain": 10,
    "train_loss": 0.0001441345694867192,
    "test_loss": 0.00013831462644232906
}