{
    "weights_paths": "Weights/Quaternion/Out1/321/Gain1/QReal0.15/600",
    "num_layers": 2,
    "slope": 0.01,
    "isQuaternion": true,
    "realPart": 0.15,
    "num_output_neurons": 1,
    "gain": 1,
    "train_loss": 0.00019078031076720154,
    "test_loss": 0.00019987307064625142
}