{"train_loss": 8.850772903032344e-06, "test_loss": 8.793011601132236e-06, "_timestamp": 1706294755.7885575, "_runtime": 5.742027521133423, "_step": 4, "_wandb": {"runtime": 4}}