{
    "weights_paths": "Weights/Quaternion/Out1/3221/Gain10/QReal0.1/750",
    "num_layers": 4,
    "slope": 0.01,
    "isQuaternion": true,
    "realPart": 0.1,
    "num_output_neurons": 1,
    "gain": 10,
    "train_loss": 0.00011743470367780776,
    "test_loss": 0.00011558194950334578
}