{"train_loss": 8.786902150288657e-06, "test_loss": 8.711762729584182e-06, "_timestamp": 1706295809.502794, "_runtime": 5.657248020172119, "_step": 4, "_wandb": {"runtime": 4}}