{"train_loss": 490.10557027971004, "test_loss": 478.07615620129445, "_timestamp": 1706295835.2018898, "_runtime": 5.800231695175171, "_step": 4, "_wandb": {"runtime": 4}}