{"train_loss": 8.848013856725502e-06, "test_loss": 8.334720325533504e-06, "_timestamp": 1706294934.7006147, "_runtime": 6.573732614517212, "_step": 4, "_wandb": {"runtime": 4}}