{"train_loss": 501.97306837469324, "test_loss": 504.31710885055634, "_timestamp": 1706295575.7933002, "_runtime": 5.462505102157593, "_step": 4, "_wandb": {"runtime": 4}}