{
    "weights_paths": "Weights/Quaternion/Out1/3221/Gain10/QReal0.1/480",
    "num_layers": 4,
    "slope": 0.01,
    "isQuaternion": true,
    "realPart": 0.1,
    "num_output_neurons": 1,
    "gain": 10,
    "train_loss": 0.00022627289965109393,
    "test_loss": 0.00022549172535754597
}