{
    "weights_paths": "Weights/Quaternion/Out1/3221/Gain10/QReal0.1/1199",
    "num_layers": 4,
    "slope": 0.01,
    "isQuaternion": true,
    "realPart": 0.1,
    "num_output_neurons": 1,
    "gain": 10,
    "train_loss": 0.00010178211405253742,
    "test_loss": 9.727568730392221e-05
}