{
    "weights_paths": "Weights/Quaternion/Out1/321/Gain1/QReal0.05/300",
    "num_layers": 2,
    "slope": 0.01,
    "isQuaternion": true,
    "realPart": 0.05,
    "num_output_neurons": 1,
    "gain": 1,
    "train_loss": 0.0008891313233349208,
    "test_loss": 0.0008514280675896258
}