{"train_loss": 0.35367766161743114, "test_loss": 0.3445015809933882, "_timestamp": 1706295563.7717233, "_runtime": 5.199267387390137, "_step": 4, "_wandb": {"runtime": 3}}