{
    "weights_paths": "Weights/Quaternion/Out1/321/Gain1/QReal0.2/270",
    "num_layers": 2,
    "slope": 0.01,
    "isQuaternion": true,
    "realPart": 0.2,
    "num_output_neurons": 1,
    "gain": 1,
    "train_loss": 0.0010065819299189067,
    "test_loss": 0.0011600497811546304
}