{"train_loss": 8.737975589625357e-06, "test_loss": 8.812001125812525e-06, "_timestamp": 1706291265.7994742, "_runtime": 5.2182252407073975, "_step": 4, "_wandb": {"runtime": 4}}