{"train_loss": 9.390999879048583e-06, "test_loss": 8.534971358914427e-06, "_timestamp": 1706296034.0311897, "_runtime": 6.09504771232605, "_step": 4, "_wandb": {"runtime": 4}}