{"train_loss": 488.0409889096916, "test_loss": 488.58648881683894, "_timestamp": 1706296061.647815, "_runtime": 6.106673955917358, "_step": 4, "_wandb": {"runtime": 4}}