{
    "weights_paths": "Weights/Quaternion/Out1/321/Gain1/QReal0.2/240",
    "num_layers": 2,
    "slope": 0.01,
    "isQuaternion": true,
    "realPart": 0.2,
    "num_output_neurons": 1,
    "gain": 1,
    "train_loss": 0.0011462657273097233,
    "test_loss": 0.0013038916896400024
}