{"train_loss": 3.5861755697421606e-05, "test_loss": 8.420628942924358e-06, "_timestamp": 1706291124.450638, "_runtime": 2.210313081741333, "_step": 0, "_wandb": {"runtime": 1}}